"","parameter","estimate"
"1","Arew",0.306992766790175
"2","Apun",0.600807223075685
"3","K",-0.00879576459922407
"4","betaF",0.690918544141918
"5","betaP",0.543972629690141
