"","parameter","estimate"
"1","Arew",0.297344893012323
"2","Apun",0.600120008364193
"3","K",-0.00491240443566796
"4","betaF",0.694431174298738
"5","betaP",0.546204197916402
