"","parameter","session","estimate"
"1","Apun",1,0.073772032327047
"2","Apun",2,0.0801715923578079
"3","Arew",1,0.193394324540443
"4","Arew",2,0.106652360516171
"5","K",1,0.0805735402626343
"6","K",2,0.0551124222012868
"7","betaF",1,1.16095628268337
"8","betaF",2,1.43830330235183
"9","betaP",1,0.563464285936925
"10","betaP",2,1.08885269663916
