"","parameter","mean_cor"
"1","Apun",0.58862084804295
"2","Arew",0.301552956877305
"3","K",-0.000751536952695497
"4","betaF",0.684703075168378
"5","betaP",0.539611160688417
