"","parameter","estimate"
"1","Arew",-0.0532679298579515
"2","Apun",0.631474815492328
"3","K",-0.498353851682211
"4","betaF",0.682699132467481
"5","betaP",0.655146114003092
